suitable gift,ğŸâœ”ï¸,"[':wrapped_gift:', ':check_mark:']",Direct,APPROPRIATENESS
fitting outfit,ğŸ¥¼ğŸ‘,"[':lab_coat:', ':thumbs_up:']",Direct,APPROPRIATENESS
proper manners,ğŸ«¶ğŸ™‚,"[':heart_hands:', ':slightly_smiling_face:']",Direct,APPROPRIATENESS
appropriate language,ğŸ—£âœ”ï¸,"[':speaking_head:', ':check_mark:']",Direct,APPROPRIATENESS
correct approach,â¡ï¸ğŸ‘Œ,"[':right_arrow:', ':OK_hand:']",Direct,APPROPRIATENESS
decent conduct,ğŸ™‚ğŸ¤,"[':slightly_smiling_face:', ':handshake:']",Direct,APPROPRIATENESS
fitting response,ğŸ‘âœ”ï¸,"[':clapping_hands:', ':check_mark:']",Direct,APPROPRIATENESS
apt position,ğŸ“Œâœ…,"[':pushpin:', ':check_mark_button:']",Direct,APPROPRIATENESS
lucky charm,ğŸ€âœ¨,"[':four_leaf_clover:', ':sparkles:']",Direct,AUSPICIOUSNESS
favorable sign,ğŸ”®ğŸ’«,"[':crystal_ball:', ':dizzy:']",Direct,AUSPICIOUSNESS
promising omen,ğŸ•Šï¸ğŸŒˆ,"[':dove:', ':rainbow:']",Direct,AUSPICIOUSNESS
fortuitous event,ğŸ¥ ğŸ‰,"[':fortune_cookie:', ':party_popper:']",Direct,AUSPICIOUSNESS
bright destiny,â˜€ï¸ğŸ”®,"[':sun:', ':crystal_ball:']",Direct,AUSPICIOUSNESS
golden chance,ğŸª™ğŸŒŸ,"[':coin:', ':glowing_star:']",Direct,AUSPICIOUSNESS
prosperous sign,ğŸ’ğŸ•Šï¸,"[':gem_stone:', ':dove:']",Direct,AUSPICIOUSNESS
shining luck,ğŸŒŸğŸ€,"[':glowing_star:', ':four_leaf_clover:']",Direct,AUSPICIOUSNESS
spotless room,ğŸ§¼ğŸ ,"[':soap:', ':house:']",Direct,CLEANNESS
pure plate,ğŸ§½ğŸ½ï¸,"[':sponge:', ':fork_and_knife_with_plate:']",Direct,CLEANNESS
pristine floor,ğŸ§¹âœ¨,"[':broom:', ':sparkles:']",Direct,CLEANNESS
hygienic kitchen,ğŸ§¼ğŸ³,"[':soap:', ':cooking:']",Direct,CLEANNESS
sanitized hands,ğŸ§´ğŸ–,"[':lotion_bottle:', ':hand_with_fingers_splayed:']",Direct,CLEANNESS
tidy closet,ğŸšªğŸ§¹,"[':door:', ':broom:']",Direct,CLEANNESS
disinfected surfaces,ğŸ§´âœ¨,"[':lotion_bottle:', ':sparkles:']",Direct,CLEANNESS
immaculate uniform,ğŸ§¼ğŸ‘”,"[':soap:', ':necktie:']",Direct,CLEANNESS
clear guidance,âœ”ï¸ğŸ—ºï¸,"[':check_mark:', ':world_map:']",Direct,CLARITY
explicit rule,ğŸ—£ï¸ğŸ‘‰,"[':speaking_head:', ':backhand_index_pointing_right:']",Direct,CLARITY
understandable terms,ğŸ“ğŸ˜ƒ,"[':memo:', ':smiling_face_with_open_mouth:']",Direct,CLARITY
transparent policy,ğŸ”ğŸ“œ,"[':magnifying_glass_tilted_right:', ':scroll:']",Direct,CLARITY
direct statement,â¡ï¸ğŸ’¬,"[':right_arrow:', ':speech_balloon:']",Direct,CLARITY
unambiguous direction,ğŸ§­âœ…,"[':compass:', ':check_mark_button:']",Direct,CLARITY
obvious conclusion,ğŸ’¡ğŸ,"[':light_bulb:', ':chequered_flag:']",Direct,CLARITY
plain explanation,ğŸ‘€ğŸ—£,"[':eyes:', ':speaking_head:']",Direct,CLARITY
transparent glass,ğŸ¥ƒâœ¨,"[':tumbler_glass:', ':sparkles:']",Direct,CLEARNESS
crystalline water,ğŸ’§ğŸ’,"[':droplet:', ':gem_stone:']",Direct,CLEARNESS
lucid reflection,ğŸªğŸ”†,"[':mirror:', ':bright_button:']",Direct,CLEARNESS
shining window,ğŸªŸğŸŒŸ,"[':window:', ':glowing_star:']",Direct,CLEARNESS
unclouded mirror,ğŸªğŸ‘€,"[':mirror:', ':eyes:']",Direct,CLEARNESS
see-through shield,ğŸ›¡ï¸ğŸ”,"[':shield:', ':magnifying_glass_tilted_right:']",Direct,CLEARNESS
pure lens,ğŸ‘“ğŸ’¯,"[':glasses:', ':hundred_points:']",Direct,CLEARNESS
pristine screen,ğŸ“±âœ¨,"[':mobile_phone:', ':sparkles:']",Direct,CLEARNESS
vivid painting,ğŸ¨ğŸŒˆ,"[':artist_palette:', ':rainbow:']",Direct,COLOR
pale wallpaper,ğŸ–¼ï¸ğŸ¤,"[':framed_picture:', ':white_heart:']",Direct,COLOR
bright curtains,ğŸ”†ğŸªŸ,"[':bright_button:', ':window:']",Direct,COLOR
pastel design,ğŸŒ¸ğŸŸ¦,"[':cherry_blossom:', ':blue_square:']",Direct,COLOR
neon jacket,ğŸ”†ğŸ§¥,"[':bright_button:', ':coat:']",Direct,COLOR
monotone poster,âšªâš«,"[':white_circle:', ':black_circle:']",Direct,COLOR
contrasting stripes,âš«âšª,"[':black_circle:', ':white_circle:']",Direct,COLOR
rainbow logo,ğŸŒˆğŸ“›,"[':rainbow:', ':name_badge:']",Direct,COLOR
shared ground,ğŸ‘¥ğŸŒ,"[':busts_in_silhouette:', ':globe_showing_Europe-Africa:']",Direct,COMMONALITY
mutual territory,ğŸ¤ğŸ,"[':handshake:', ':national_park:']",Direct,COMMONALITY
collective park,ğŸ‘¥ğŸ•,"[':busts_in_silhouette:', ':camping:']",Direct,COMMONALITY
joint area,âœŒï¸ğŸ ,"[':victory_hand:', ':house:']",Direct,COMMONALITY
communal space,ğŸ‘¨â€ğŸ‘©â€ğŸ‘§â€ğŸ‘¦ğŸ˜ï¸,"[':family:', ':houses:']",Direct,COMMONALITY
public zone,ğŸ«ğŸ‘¥,"[':school:', ':busts_in_silhouette:']",Direct,COMMONALITY
universal yard,ğŸŒğŸ¡,"[':globe_with_meridians:', ':house_with_garden:']",Direct,COMMONALITY
open domain,ğŸ”“ğŸŒ,"[':unlocked:', ':globe_showing_Europe-Africa:']",Direct,COMMONALITY
typical reaction,ğŸ˜•ğŸ™‹,"[':confused_face:', ':person_raising_hand:']",Direct,COMMONNESS
everyday habit,ğŸ“…ğŸ”,"[':calendar:', ':repeat:']",Direct,COMMONNESS
usual crowd,ğŸ‘¥ğŸ™‚,"[':busts_in_silhouette:', ':slightly_smiling_face:']",Direct,COMMONNESS
normal phenomenon,ğŸ”„ğŸŒ¦,"[':counterclockwise_arrows_button:', ':sun_behind_rain_cloud:']",Direct,COMMONNESS
ordinary preference,ğŸ¤·â€â™‚ï¸ğŸ”,"[':man_shrugging:', ':hamburger:']",Direct,COMMONNESS
typical thought,ğŸ’­ğŸ§,"[':thought_balloon:', ':person_standing:']",Direct,COMMONNESS
standard routine,ğŸ’¼ğŸ”,"[':briefcase:', ':repeat:']",Direct,COMMONNESS
everyday question,â“ğŸ˜¶,"[':red_question_mark:', ':face_without_mouth:']",Direct,COMMONNESS
finished puzzle,ğŸ§©ğŸ†,"[':jigsaw:', ':trophy:']",Direct,COMPLETENESS
entire set,ğŸ“¦âœ…,"[':package:', ':check_mark_button:']",Direct,COMPLETENESS
total package,ğŸ“¦ğŸ’¯,"[':package:', ':hundred_points:']",Direct,COMPLETENESS
comprehensive list,ğŸ“œğŸ’¯,"[':scroll:', ':hundred_points:']",Direct,COMPLETENESS
full circle,â­•âœ”ï¸,"[':hollow_red_circle:', ':check_mark:']",Direct,COMPLETENESS
concluded process,ğŸğŸ”š,"[':chequered_flag:', ':end:']",Direct,COMPLETENESS
absolute coverage,ğŸŒğŸ’¯,"[':globe_with_meridians:', ':hundred_points:']",Direct,COMPLETENESS
entire story,ğŸ“–ğŸ…,"[':open_book:', ':sports_medal:']",Direct,COMPLETENESS
uniform texture,ğŸ”ğŸ§ˆ,"[':repeat:', ':butter:']",Direct,CONSISTENCY
even mixture,ğŸ¥£ğŸ”„,"[':bowl_with_spoon:', ':counterclockwise_arrows_button:']",Direct,CONSISTENCY
smooth batter,ğŸ°ğŸ¤,"[':shortcake:', ':pinching_hand:']",Direct,CONSISTENCY
constant density,â™¾ï¸ğŸ’§,"[':infinity:', ':droplet:']",Direct,CONSISTENCY
coherent blend,ğŸª„ğŸ¥›,"[':magic_wand:', ':glass_of_milk:']",Direct,CONSISTENCY
thick sauce,ğŸğŸ’ª,"[':spaghetti:', ':flexed_biceps:']",Direct,CONSISTENCY
stable formula,ğŸ§ªğŸ”’,"[':test_tube:', ':locked:']",Direct,CONSISTENCY
homogeneous dough,ğŸ¥–â¡ï¸ğŸ¥–,"[':baguette_bread:', ':right_arrow:', ':baguette_bread:']",Direct,CONSISTENCY
unwavering loyalty,ğŸ¤ğŸ”’,"[':handshake:', ':locked:']",Direct,CONSTANCY
enduring bond,ğŸ’â™¾ï¸,"[':revolving_hearts:', ':infinity:']",Direct,CONSTANCY
perpetual friend,ğŸ”‚ğŸ‘¥,"[':repeat_single_button:', ':busts_in_silhouette:']",Direct,CONSTANCY
abiding trust,ğŸ›ï¸âœ”ï¸,"[':classical_building:', ':check_mark:']",Direct,CONSTANCY
endless affection,â¤ï¸â™¾ï¸,"[':red_heart:', ':infinity:']",Direct,CONSTANCY
permanent fixture,ğŸ“ŒğŸ”,"[':pushpin:', ':repeat:']",Direct,CONSTANCY
unchanging vow,ğŸ¤ğŸ”’,"[':crossed_fingers:', ':locked:']",Direct,CONSTANCY
unceasing devotion,â³â¤ï¸,"[':hourglass_not_done:', ':red_heart:']",Direct,CONSTANCY
uninterrupted stream,ğŸ“¡ğŸŒ,"[':satellite:', ':globe_with_meridians:']",Direct,CONTINUITY
ongoing progress,ğŸ”‚ğŸ“ˆ,"[':repeat_single_button:', ':chart_increasing:']",Direct,CONTINUITY
perpetual motion,â™¾ï¸ğŸƒ,"[':infinity:', ':person_running:']",Direct,CONTINUITY
lasting sequence,ğŸ”„1ï¸âƒ£,"[':counterclockwise_arrows_button:', ':keycap_digit_one:']",Direct,CONTINUITY
continuous loop,ğŸ”ğŸ”,"[':repeat:', ':repeat:']",Direct,CONTINUITY
unbroken chain,â›“ï¸â™¾ï¸,"[':chains:', ':infinity:']",Direct,CONTINUITY
sustained effort,ğŸ’ªâ³,"[':flexed_biceps:', ':hourglass_not_done:']",Direct,CONTINUITY
uninterrupted thread,ğŸ§µğŸŒ€,"[':thread:', ':cyclone:']",Direct,CONTINUITY
accurate count,âœ”ï¸ğŸ”¢,"[':check_mark:', ':input_numbers:']",Direct,CORRECTNESS
precise measurement,ğŸ“âœ…,"[':straight_ruler:', ':check_mark_button:']",Direct,CORRECTNESS
verified data,ğŸ“ŠğŸ†—,"[':bar_chart:', ':OK_button:']",Direct,CORRECTNESS
valid ticket,ğŸ«âœ”ï¸,"[':ticket:', ':check_mark:']",Direct,CORRECTNESS
exact location,ğŸ“ğŸ’¯,"[':round_pushpin:', ':hundred_points:']",Direct,CORRECTNESS
proper code,ğŸ‘¨â€ğŸ’»ğŸ‘,"[':man_technologist:', ':thumbs_up:']",Direct,CORRECTNESS
right calculation,ğŸ§®â¡ï¸,"[':abacus:', ':right_arrow:']",Direct,CORRECTNESS
correct formula,ğŸ”¢âœ…,"[':input_numbers:', ':check_mark_button:']",Direct,CORRECTNESS
urgent lockdown,ğŸš«ğŸš¨,"[':no_entry_sign:', ':police_car_light:']",Direct,CRISIS
severe meltdown,ğŸ’¥ğŸ’€,"[':collision:', ':skull:']",Direct,CRISIS
emergency exit,ğŸƒâ—,"[':person_running:', ':red_exclamation_mark:']",Direct,CRISIS
dire shortage,ğŸ“‰ğŸ¥«,"[':chart_decreasing:', ':canned_food:']",Direct,CRISIS
pressing danger,â°âš ï¸,"[':alarm_clock:', ':warning:']",Direct,CRISIS
critical meltdown,â›”ğŸ˜±,"[':no_entry:', ':face_screaming_in_fear:']",Direct,CRISIS
catastrophic collapse,ğŸŒ‹ğŸ’”,"[':volcano:', ':broken_heart:']",Direct,CRISIS
severe crash,ğŸ’¢ğŸš—,"[':anger_symbol:', ':automobile:']",Direct,CRISIS
pivotal moment,â³ğŸ¤”,"[':hourglass_not_done:', ':thinking_face:']",Direct,CRITICALITY
essential factor,ğŸ”‘âš ï¸,"[':key:', ':warning:']",Direct,CRITICALITY
tipping point,âš–ï¸ğŸ”„,"[':balance_scale:', ':counterclockwise_arrows_button:']",Direct,CRITICALITY
crucial threshold,ğŸšªâ€¼ï¸,"[':door:', ':double_exclamation_mark:']",Direct,CRITICALITY
deciding angle,ğŸ“âš ï¸,"[':triangular_ruler:', ':warning:']",Direct,CRITICALITY
make-or-break juncture,ğŸ•’ğŸ’¥,"[':clock3:', ':collision:']",Direct,CRITICALITY
crucial junction,ğŸ›£ï¸â—,"[':motorway:', ':red_exclamation_mark:']",Direct,CRITICALITY
vital crossroads,ğŸ”€ğŸš¨,"[':twisted_rightwards_arrows:', ':police_car_light:']",Direct,CRITICALITY
maximum effort,ğŸ”ğŸ’ª,"[':TOP_arrow:', ':flexed_biceps:']",Direct,DEGREE
minimal impact,ğŸ”»ğŸ’¥,"[':red_triangle_pointed_down:', ':collision:']",Direct,DEGREE
moderate success,ã€°ï¸ğŸ†,"[':wavy_dash:', ':trophy:']",Direct,DEGREE
extreme caution,âš ï¸âš ï¸,"[':warning:', ':warning:']",Direct,DEGREE
partial failure,ğŸˆ³âŒ,"[':Japanese_empty_button:', ':cross_mark:']",Direct,DEGREE
heightened threat,ğŸ“ˆğŸ’£,"[':chart_increasing:', ':bomb:']",Direct,DEGREE
reduced cost,â¬‡ï¸ğŸ’²,"[':down_arrow:', ':heavy_dollar_sign:']",Direct,DEGREE
optional item,â“ğŸ“¦,"[':red_question_mark:', ':package:']",Direct,DISPENSABILITY
nonessential tool,ğŸ™…ğŸ”§,"[':person_gesturing_NO:', ':wrench:']",Direct,DISPENSABILITY
removable part,â†”ï¸âš™ï¸,"[':left-right_arrow:', ':gear:']",Direct,DISPENSABILITY
disposable wrapper,ğŸ—‘ï¸ğŸ§»,"[':wastebasket:', ':roll_of_paper:']",Direct,DISPENSABILITY
redundant accessory,ğŸ™…â€â™€ï¸ğŸ’,"[':woman_gesturing_NO:', ':ring:']",Direct,DISPENSABILITY
surplus stock,ğŸ“¦ğŸ“¦ğŸ¤·,"[':package:', ':package:', ':person_shrugging:']",Direct,DISPENSABILITY
unnecessary detail,âŒğŸ“,"[':cross_mark:', ':memo:']",Direct,DISPENSABILITY
home laundry,ğŸ ğŸ§º,"[':house:', ':basket:']",Direct,DOMESTICITY
family dinner,ğŸ‘¨â€ğŸ‘©â€ğŸ‘§â€ğŸ‘¦ğŸ²,"[':family:', ':stew:']",Direct,DOMESTICITY
weekend chores,ğŸ§¹ğŸ§¼,"[':broom:', ':soap:']",Direct,DOMESTICITY
house pet,ğŸ ğŸˆ,"[':house:', ':cat:']",Direct,DOMESTICITY
cozy lounge,ğŸ›‹ï¸ğŸ”†,"[':couch_and_lamp:', ':bright_button:']",Direct,DOMESTICITY
living room talk,ğŸ ğŸ—£,"[':house:', ':speaking_head:']",Direct,DOMESTICITY
home routine,ğŸ ğŸ”„,"[':house:', ':counterclockwise_arrows_button:']",Direct,DOMESTICITY
extended holiday,ğŸ§³ğŸŒ,"[':luggage:', ':globe_with_meridians:']",Direct,DURATION
prolonged wait,â°ğŸ“‰,"[':alarm_clock:', ':chart_decreasing:']",Direct,DURATION
lengthy process,ğŸ”‚â³,"[':repeat_single_button:', ':hourglass_not_done:']",Direct,DURATION
brief meeting,ğŸ¤ğŸ‘¥,"[':pinching_hand:', ':busts_in_silhouette:']",Direct,DURATION
short workout,ğŸ¤ğŸ’ª,"[':pinching_hand:', ':flexed_biceps:']",Direct,DURATION
indefinite pause,â”â±ï¸,"[':grey_question_mark:', ':stopwatch:']",Direct,DURATION
continuous watch,ğŸ”„âŒš,"[':counterclockwise_arrows_button:', ':watch:']",Direct,DURATION
potent cure,ğŸ’Šâš¡,"[':pill:', ':high_voltage:']",Direct,EFFICACY
strong discipline,ğŸ‘®ğŸ’¥,"[':police_officer:', ':collision:']",Direct,EFFICACY
decisive scolding,ğŸ—£ï¸â—,"[':speaking_head:', ':red_exclamation_mark:']",Direct,EFFICACY
conclusive penalty,ğŸ”’âš–ï¸,"[':locked:', ':balance_scale:']",Direct,EFFICACY
forceful reminder,ğŸ“¢ğŸ’ª,"[':loudspeaker:', ':flexed_biceps:']",Direct,EFFICACY
successful crackdown,âœ”ï¸ğŸ‘®â€â™‚ï¸,"[':check_mark:', ':man_police_officer:']",Direct,EFFICACY
effective measure,âœ…ğŸ“,"[':check_mark_button:', ':straight_ruler:']",Direct,EFFICACY
working solution,ğŸ§©ğŸ”§,"[':jigsaw:', ':wrench:']",Direct,EFFECTIVENESS
impactful strategy,ğŸ¯ğŸ’¥,"[':dart:', ':collision:']",Direct,EFFECTIVENESS
productive step,âœ…ğŸš¶â€â™€ï¸,"[':check_mark_button:', ':woman_walking:']",Direct,EFFECTIVENESS
successful entry,ğŸ™ŒğŸšª,"[':raising_hands:', ':door:']",Direct,EFFECTIVENESS
reliable outcome,ğŸ“ğŸ‘,"[':memo:', ':thumbs_up:']",Direct,EFFECTIVENESS
beneficial policy,ğŸ§‘â€ğŸ’¼ğŸ“ˆ,"[':office_worker:', ':chart_increasing:']",Direct,EFFECTIVENESS
practical method,ğŸ§°âš™ï¸,"[':toolbox:', ':gear:']",Direct,EFFECTIVENESS
passionate plea,ğŸ”¥ğŸ™,"[':fire:', ':folded_hands:']",Direct,EMOTIONALITY
tearful apology,ğŸ˜¢ğŸ™‡,"[':crying_face:', ':person_bowing:']",Direct,EMOTIONALITY
cheerful grin,ğŸ˜„ğŸ‰,"[':grinning_face_with_smiling_eyes:', ':party_popper:']",Direct,EMOTIONALITY
timid approach,ğŸ˜¬â¡ï¸,"[':grimacing_face:', ':right_arrow:']",Direct,EMOTIONALITY
joyful dance,ğŸ’ƒğŸ˜Š,"[':woman_dancing:', ':smiling_face_with_smiling_eyes:']",Direct,EMOTIONALITY
bitter disappointment,ğŸ˜¡ğŸ¤¦,"[':pouting_face:', ':person_facepalming:']",Direct,EMOTIONALITY
quiet sadness,ğŸ˜”ğŸ’§,"[':pensive_face:', ':droplet:']",Direct,EMOTIONALITY
just referee,âš–ï¸ğŸ…,"[':balance_scale:', ':sports_medal:']",Direct,FAIRNESS
honest umpire,ğŸ¤âš¾,"[':handshake:', ':baseball:']",Direct,FAIRNESS
equitable deal,ğŸ¤ğŸ’°,"[':handshake:', ':money_bag:']",Direct,FAIRNESS
unbiased judge,âš–ï¸ğŸ‘©â€âš–ï¸,"[':balance_scale:', ':woman_judge:']",Direct,FAIRNESS
level playing field,âš½ğŸŒ,"[':soccer_ball:', ':globe_with_meridians:']",Direct,FAIRNESS
impartial call,ğŸš¨ğŸ¤·,"[':police_car_light:', ':person_shrugging:']",Direct,FAIRNESS
neutral stance,ğŸ§âš–ï¸,"[':person_standing:', ':balance_scale:']",Direct,FAIRNESS
polite address,ğŸ™ğŸ©,"[':folded_hands:', ':top_hat:']",Direct,FORMALITY
official letter,ğŸ“œğŸ›ï¸,"[':scroll:', ':classical_building:']",Direct,FORMALITY
ceremonial outfit,ğŸ–ï¸ğŸ¤µ,"[':military_medal:', ':person_in_tuxedo:']",Direct,FORMALITY
stiff protocol,ğŸ“ğŸ‘®,"[':straight_ruler:', ':police_officer:']",Direct,FORMALITY
formal invitation,ğŸ’ŒğŸ€,"[':love_letter:', ':ribbon:']",Direct,FORMALITY
proper greeting,ğŸ™‡â€â™‚ï¸ğŸ™‡â€â™€ï¸,"[':man_bowing:', ':woman_bowing:']",Direct,FORMALITY
official stance,ğŸ›ï¸ğŸ§,"[':classical_building:', ':person_standing:']",Direct,FORMALITY
crisp salad,ğŸ¥—ğŸŒ±,"[':green_salad:', ':seedling:']",Direct,FRESHNESS
newly picked apple,ğŸ†•ğŸ,"[':NEW_button:', ':red_apple:']",Direct,FRESHNESS
morning dew,ğŸŒ…ğŸ’§,"[':sunrise:', ':droplet:']",Direct,FRESHNESS
refreshing beverage,ğŸ§ŠğŸ¥¤,"[':ice:', ':cup_with_straw:']",Direct,FRESHNESS
just-baked pastry,ğŸ†•ğŸ¥,"[':NEW_button:', ':croissant:']",Direct,FRESHNESS
garden herbs,ğŸŒ¿ğŸ†•,"[':herb:', ':NEW_button:']",Direct,FRESHNESS
breezy dawn,ğŸŒ¬ï¸ğŸŒ…,"[':wind_face:', ':sunrise:']",Direct,FRESHNESS
warm welcome,ğŸ¤—ğŸ‘,"[':hugging_face:', ':clapping_hands:']",Direct,FRIENDLINESS
amiable chat,ğŸ˜„ğŸ’¬,"[':smiling_face_with_open_mouth:', ':speech_balloon:']",Direct,FRIENDLINESS
pleasant group,ğŸ‘¥ğŸ˜Š,"[':busts_in_silhouette:', ':smiling_face_with_smiling_eyes:']",Direct,FRIENDLINESS
kind wave,ğŸ‘‹ğŸ™‚,"[':waving_hand:', ':slightly_smiling_face:']",Direct,FRIENDLINESS
cordial handshake,ğŸ™ŒğŸ¤,"[':raising_hands:', ':handshake:']",Direct,FRIENDLINESS
affectionate pat,ğŸ’•ğŸ‘‹,"[':two_hearts:', ':waving_hand:']",Direct,FRIENDLINESS
gentle support,ğŸ«‚ğŸ’•,"[':people_hugging:', ':two_hearts:']",Direct,FRIENDLINESS
packed suitcase,ğŸ§³ğŸ“¦,"[':luggage:', ':package:']",Direct,FULLNESS
crowded venue,ğŸ‘¥ğŸŸï¸,"[':busts_in_silhouette:', ':stadium:']",Direct,FULLNESS
jammed drawer,ğŸ—„ï¸ğŸ“š,"[':file_cabinet:', ':books:']",Direct,FULLNESS
stuffed fridge,ğŸ•ğŸ—ğŸ¥›,"[':pizza:', ':poultry_leg:', ':glass_of_milk:']",Direct,FULLNESS
bursting inbox,ğŸ“¨ğŸ””,"[':incoming_envelope:', ':bell:']",Direct,FULLNESS
loaded trunk,ğŸš—ğŸ§³,"[':automobile:', ':luggage:']",Direct,FULLNESS
teeming basket,ğŸ§ºğŸğŸŒ,"[':basket:', ':red_apple:', ':banana:']",Direct,FULLNESS
elevated bridge,ğŸŒ‰â¬†ï¸,"[':bridge_at_night:', ':up_arrow:']",Direct,HEIGHT
lofty tower,ğŸ—¼ğŸ“ˆ,"[':Tokyo_tower:', ':chart_increasing:']",Direct,HEIGHT
tall giraffe,ğŸ¦’ğŸ‘†,"[':giraffe:', ':backhand_index_pointing_up:']",Direct,HEIGHT
raised platform,ğŸªœğŸ¤,"[':ladder:', ':microphone:']",Direct,HEIGHT
upper shelf,ğŸ”ğŸ—„ï¸,"[':TOP_arrow:', ':file_cabinet:']",Direct,HEIGHT
high vantage,ğŸ”ï¸ğŸ‘€,"[':snow_capped_mountain:', ':eyes:']",Direct,HEIGHT
towering crane,ğŸ—ï¸â¬†ï¸,"[':building_construction:', ':up_arrow:']",Direct,HEIGHT
main priority,ğŸ“Œâ€¼ï¸,"[':pushpin:', ':double_exclamation_mark:']",Direct,IMPORTANCE
key agenda,ğŸ—ï¸ğŸ“‹,"[':old_key:', ':clipboard:']",Direct,IMPORTANCE
prime matter,ğŸ’ğŸ”,"[':gem_stone:', ':TOP_arrow:']",Direct,IMPORTANCE
central issue,ğŸŒâš ï¸,"[':globe_with_meridians:', ':warning:']",Direct,IMPORTANCE
crucial highlight,ğŸ”¦â—,"[':flashlight:', ':red_exclamation_mark:']",Direct,IMPORTANCE
leading factor,ğŸ…â¡ï¸,"[':sports_medal:', ':right_arrow:']",Direct,IMPORTANCE
principal concern,ğŸ›ï¸ğŸ˜°,"[':classical_building:', ':anxious_face_with_sweat:']",Direct,IMPORTANCE
bright student,ğŸ’¡ğŸ“,"[':light_bulb:', ':graduation_cap:']",Direct,INTELLIGENCE
clever inventor,ğŸ¤“âš™ï¸,"[':nerd_face:', ':gear:']",Direct,INTELLIGENCE
smart robot,ğŸ¤–ğŸ§ ,"[':robot:', ':brain:']",Direct,INTELLIGENCE
wise advisor,ğŸ§™ğŸ’­,"[':mage:', ':thought_balloon:']",Direct,INTELLIGENCE
quick thinker,âš¡ğŸ¤”,"[':high_voltage:', ':thinking_face:']",Direct,INTELLIGENCE
sharp mind,ğŸª’ğŸ§ ,"[':razor:', ':brain:']",Direct,INTELLIGENCE
resourceful solver,ğŸ§ ğŸ§©,"[':brain:', ':jigsaw:']",Direct,INTELLIGENCE
exciting match,ğŸ‰âš½,"[':party_popper:', ':soccer_ball:']",Direct,INTEREST
intriguing puzzle,ğŸ§ ğŸ§©,"[':brain:', ':jigsaw:']",Direct,INTEREST
captivating performance,ğŸ­â­,"[':performing_arts:', ':star:']",Direct,INTEREST
fascinating book,ğŸ“–âœ¨,"[':open_book:', ':sparkles:']",Direct,INTEREST
enthralling movie,ğŸ¬ğŸ”¥,"[':clapper_board:', ':fire:']",Direct,INTEREST
stimulating lecture,ğŸ‘¨â€ğŸ«ğŸ’¡,"[':man_teacher:', ':light_bulb:']",Direct,INTEREST
engaging game,ğŸ®â¤ï¸,"[':video_game:', ':red_heart:']",Direct,INTEREST
lawful contract,ğŸ“œâœ…,"[':scroll:', ':check_mark_button:']",Direct,LEGALITY
illicit trade,ğŸš«ğŸ”Œ,"[':no_entry_sign:', ':electric_plug:']",Direct,LEGALITY
forbidden item,ğŸ›‘ğŸ“¦,"[':stop_sign:', ':package:']",Direct,LEGALITY
permitted action,ğŸ†—ğŸ§,"[':OK_button:', ':person_standing:']",Direct,LEGALITY
authorized entry,ğŸ›‚âœ”ï¸,"[':passport_control:', ':check_mark:']",Direct,LEGALITY
contraband goods,ğŸš¨ğŸ’¼,"[':police_car_light:', ':briefcase:']",Direct,LEGALITY
regulated process,âš–ï¸ğŸ”„,"[':balance_scale:', ':counterclockwise_arrows_button:']",Direct,LEGALITY
extended rope,ğŸ“ğŸª¢,"[':straight_ruler:', ':knot:']",Direct,LENGTH
short thread,ğŸ¤ğŸ§µ,"[':pinching_hand:', ':thread:']",Direct,LENGTH
moderate scarf,ã€°ï¸ğŸ§£,"[':wavy_dash:', ':scarf:']",Direct,LENGTH
lengthy wire,ğŸ”ŒğŸ“,"[':electric_plug:', ':straight_ruler:']",Direct,LENGTH
reduced timeline,ğŸ“‰â°,"[':chart_decreasing:', ':alarm_clock:']",Direct,LENGTH
substantial chain,â›“ï¸ğŸ“,"[':chains:', ':straight_ruler:']",Direct,LENGTH
tiny twig,ğŸ¤ğŸŒ¿,"[':pinching_hand:', ':herb:']",Direct,LENGTH
glowing hallway,ğŸ’¡ğŸ ,"[':light_bulb:', ':house:']",Direct,LIGHT
dim garage,ğŸ”…ğŸš—,"[':dim_button:', ':automobile:']",Direct,LIGHT
luminous porch,âœ¨ğŸšª,"[':sparkles:', ':door:']",Direct,LIGHT
bright corridor,ğŸ”†ğŸ¢,"[':bright_button:', ':office_building:']",Direct,LIGHT
faint alley,ğŸŒ˜ğŸ™ï¸,"[':waning_crescent_moon:', ':cityscape_at_dusk:']",Direct,LIGHT
radiant balcony,ğŸŒŸğŸ¢,"[':glowing_star:', ':office_building:']",Direct,LIGHT
shimmering entrance,ğŸ’«ğŸšª,"[':dizzy:', ':door:']",Direct,LIGHT
spirited discussion,ğŸ—£ï¸ğŸ’¥,"[':speaking_head:', ':collision:']",Direct,LIVELINESS
vibrant festival,ğŸ‰ğŸ’ƒ,"[':party_popper:', ':woman_dancing:']",Direct,LIVELINESS
bustling market,ğŸ¤©ğŸ›ï¸,"[':star-struck:', ':shopping_bags:']",Direct,LIVELINESS
energetic crowd,âš¡ğŸ‘¥,"[':high_voltage:', ':busts_in_silhouette:']",Direct,LIVELINESS
dynamic parade,ğŸ¥ğŸº,"[':drum:', ':trumpet:']",Direct,LIVELINESS
vigorous dance,ğŸµï¸ğŸ’ƒ,"[':rosette:', ':woman_dancing:']",Direct,LIVELINESS
lively concert,ğŸ¶ğŸ”¥,"[':musical_notes:', ':fire:']",Direct,LIVELINESS
dazzling silver,âœ¨ğŸ¥ˆ,"[':sparkles:', ':2nd_place_medal:']",Direct,LUMINOSITY
radiant moon,ğŸŒ•ğŸ”†,"[':full_moon:', ':bright_button:']",Direct,LUMINOSITY
glaring headlight,ğŸš˜ğŸ”†,"[':automobile:', ':bright_button:']",Direct,LUMINOSITY
luminous diamond,ğŸ’ğŸŒŸ,"[':gem_stone:', ':glowing_star:']",Direct,LUMINOSITY
gleaming blade,ğŸ”ªâœ¨,"[':kitchen_knife:', ':sparkles:']",Direct,LUMINOSITY
shiny coin,ğŸª™ğŸ”…,"[':coin:', ':dim_button:']",Direct,LUMINOSITY
sparkling eyes,ğŸ‘€ğŸŒŸ,"[':eyes:', ':glowing_star:']",Direct,LUMINOSITY
moderate pace,ğŸš¶â€â™‚ï¸ã€°ï¸,"[':man_walking:', ':wavy_dash:']",Direct,MODERATION
balanced approach,âš–ï¸â¡ï¸,"[':balance_scale:', ':right_arrow:']",Direct,MODERATION
cautious expansion,ğŸ“ˆğŸ¤,"[':chart_increasing:', ':pinching_hand:']",Direct,MODERATION
tempered reaction,ğŸ˜ğŸ”¥,"[':neutral_face:', ':fire:']",Direct,MODERATION
measured tone,ğŸ”ˆğŸ”…,"[':speaker_low_volume:', ':dim_button:']",Direct,MODERATION
limited supply,ğŸ¤ğŸ“¦,"[':pinching_hand:', ':package:']",Direct,MODERATION
scaled response,ğŸ“ğŸ—£ï¸,"[':straight_ruler:', ':speaking_head:']",Direct,MODERATION
mundane routine,ğŸ˜¶ğŸ”,"[':face_without_mouth:', ':repeat:']",Direct,ORDINARINESS
typical outcome,ğŸ¤·â€â™€ï¸ğŸ“Š,"[':woman_shrugging:', ':bar_chart:']",Direct,ORDINARINESS
unremarkable day,ğŸ˜ğŸ“†,"[':neutral_face:', ':tear-off_calendar:']",Direct,ORDINARINESS
average skill,ğŸ¤ğŸ…,"[':pinching_hand:', ':sports_medal:']",Direct,ORDINARINESS
plain design,ğŸ“â¡ï¸,"[':memo:', ':right_arrow:']",Direct,ORDINARINESS
banal scenario,ğŸ˜´â–¶ï¸,"[':sleeping_face:', ':play_button:']",Direct,ORDINARINESS
common sight,ğŸ‘€ğŸ”,"[':eyes:', ':repeat:']",Direct,ORDINARINESS
left corner,ğŸ‘ˆğŸ”²,"[':backhand_index_pointing_left:', ':black_square_button:']",Direct,POSITION
front row,ğŸ‘€ğŸŸï¸,"[':eyes:', ':admission_tickets:']",Direct,POSITION
top shelf,ğŸ”ğŸ—„ï¸,"[':TOP_arrow:', ':file_cabinet:']",Direct,POSITION
bottom drawer,ğŸ‘‡ğŸ—„ï¸,"[':backhand_index_pointing_down:', ':file_cabinet:']",Direct,POSITION
side exit,â¡ï¸ğŸšª,"[':right_arrow:', ':door:']",Direct,POSITION
center stage,ğŸ­ğŸ¯,"[':performing_arts:', ':dart:']",Direct,POSITION
rear seat,ğŸ‘ˆğŸ’º,"[':backhand_index_pointing_left:', ':seat:']",Direct,POSITION
trending meme,ğŸ“ˆğŸ¤£,"[':chart_increasing:', ':rolling_on_the_floor_laughing:']",Direct,POPULARITY
in-demand product,ğŸ›ï¸ğŸ“¢,"[':shopping_bags:', ':loudspeaker:']",Direct,POPULARITY
viral post,ğŸŒğŸ”¥,"[':globe_with_meridians:', ':fire:']",Direct,POPULARITY
beloved song,â¤ï¸ğŸ¶,"[':red_heart:', ':musical_notes:']",Direct,POPULARITY
famed actor,ğŸ¬â­,"[':clapper_board:', ':star:']",Direct,POPULARITY
sought-after ticket,ğŸ”ğŸŸ,"[':magnifying_glass_tilted_right:', ':admission_tickets:']",Direct,POPULARITY
hot topic,ğŸ’¥ğŸ’¬,"[':collision:', ':speech_balloon:']",Direct,POPULARITY
powerless king,ğŸ¤´âŒ,"[':prince:', ':cross_mark:']",Direct,POTENCY
weak argument,ğŸ—£ï¸ğŸ¤,"[':speaking_head:', ':pinching_hand:']",Direct,POTENCY
strong presence,ğŸ’ªğŸ”¥,"[':flexed_biceps:', ':fire:']",Direct,POTENCY
forceful push,ğŸ’¥ğŸ‘‰,"[':collision:', ':backhand_index_pointing_right:']",Direct,POTENCY
mighty leader,ğŸ‘‘ğŸ’ª,"[':crown:', ':flexed_biceps:']",Direct,POTENCY
feeble attempt,ğŸ˜©ğŸ¤,"[':weary_face:', ':pinching_hand:']",Direct,POTENCY
robust solution,ğŸ‹ï¸â€â™€ï¸ğŸ§©,"[':woman_lifting_weights:', ':jigsaw:']",Direct,POTENCY
pristine snow,â„ï¸ğŸ¤,"[':snowflake:', ':white_heart:']",Direct,PURITY
clean conscience,ğŸ§¼ğŸ§ ,"[':soap:', ':brain:']",Direct,PURITY
untainted record,âœ…ğŸ“œ,"[':check_mark_button:', ':scroll:']",Direct,PURITY
pure spirit,ğŸ•Šï¸âœ¨,"[':dove:', ':sparkles:']",Direct,PURITY
unspoiled water,ğŸ”ï¸ğŸ’§,"[':snow_capped_mountain:', ':droplet:']",Direct,PURITY
uncontaminated air,ğŸŒ¬ï¸ğŸ”†,"[':wind_face:', ':bright_button:']",Direct,PURITY
immaculate soul,ğŸ”†â¤ï¸,"[':bright_button:', ':red_heart:']",Direct,PURITY
ample stock,ğŸ“¦ğŸ“¦ğŸ‘,"[':package:', ':package:', ':thumbs_up:']",Direct,QUANTITY
sparse resources,ğŸ¤ğŸ­,"[':pinching_hand:', ':factory:']",Direct,QUANTITY
abundant harvest,ğŸŒ¾ğŸ…ğŸ¥”,"[':sheaf_of_rice:', ':tomato:', ':potato:']",Direct,QUANTITY
meager meal,ğŸ¤ğŸ½,"[':pinching_hand:', ':fork_and_knife_with_plate:']",Direct,QUANTITY
overflowing basket,ğŸ§ºğŸ‡ğŸŠ,"[':basket:', ':grapes:', ':tangerine:']",Direct,QUANTITY
short supply,ğŸ“‰ğŸ“¦,"[':chart_decreasing:', ':package:']",Direct,QUANTITY
large shipment,ğŸ“¦ğŸššğŸ’ª,"[':package:', ':delivery_truck:', ':flexed_biceps:']",Direct,QUANTITY
sound plan,ğŸ—ºï¸âœ…,"[':world_map:', ':check_mark_button:']",Direct,REASONABLENESS
logical conclusion,ğŸ¤”â¡ï¸âœ…,"[':thinking_face:', ':right_arrow:', ':check_mark_button:']",Direct,REASONABLENESS
rational step,ğŸ§ ğŸ‘£,"[':brain:', ':footprints:']",Direct,REASONABLENESS
sensible advice,ğŸ™†â€â™€ï¸ğŸ—£ï¸,"[':woman_gesturing_OK:', ':speaking_head:']",Direct,REASONABLENESS
coherent argument,ğŸ”ğŸ—£,"[':magnifying_glass_tilted_right:', ':speaking_head:']",Direct,REASONABLENESS
prudent action,âš–ï¸ğŸš¶â€â™‚ï¸,"[':balance_scale:', ':man_walking:']",Direct,REASONABLENESS
well-founded theory,ğŸ“šğŸ’¡,"[':books:', ':light_bulb:']",Direct,REASONABLENESS
large elephant,ğŸ˜ğŸ“ˆ,"[':elephant:', ':chart_increasing:']",Direct,SIZE
gigantic boulder,ğŸª¨ğŸ’¥,"[':rock:', ':collision:']",Direct,SIZE
compact phone,ğŸ“±ğŸ¤,"[':mobile_phone:', ':pinching_hand:']",Direct,SIZE
tiny pea,ğŸŒ±ğŸ¤,"[':seedling:', ':pinching_hand:']",Direct,SIZE
massive whale,ğŸ‹â¬†ï¸,"[':whale:', ':up_arrow:']",Direct,SIZE
small bug,ğŸ›ğŸ‘€,"[':bug:', ':eyes:']",Direct,SIZE
moderate box,ğŸ“¦ã€°ï¸,"[':package:', ':wavy_dash:']",Direct,SIZE
lightning dash,âš¡ğŸƒâ€â™‚ï¸,"[':high_voltage:', ':man_running:']",Direct,SPEED
slow crawl,ğŸŒâ¬‡ï¸,"[':snail:', ':down_arrow:']",Direct,SPEED
rapid response,ğŸš€ğŸ“¨,"[':rocket:', ':incoming_envelope:']",Direct,SPEED
brisk walk,ğŸš¶â€â™€ï¸ğŸ’¨,"[':woman_walking:', ':dashing_away:']",Direct,SPEED
fast delivery,ğŸï¸ğŸ“¦,"[':motorcycle:', ':package:']",Direct,SPEED
immediate alert,âš ï¸â©,"[':warning:', ':fast-forward_button:']",Direct,SPEED
delayed train,âŒ›ğŸš‚,"[':hourglass_done:', ':locomotive:']",Direct,SPEED
towering figure,ğŸ§â€â™‚ï¸â¬†ï¸,"[':man_standing:', ':up_arrow:']",Direct,STATURE
short soldier,ğŸ¤ğŸª–,"[':pinching_hand:', ':military_helmet:']",Direct,STATURE
average height,ğŸ§ã€°ï¸,"[':person_standing:', ':wavy_dash:']",Direct,STATURE
imposing presence,ğŸ’ªğŸ”,"[':flexed_biceps:', ':TOP_arrow:']",Direct,STATURE
diminutive child,ğŸ‘¶ğŸ¤,"[':baby:', ':pinching_hand:']",Direct,STATURE
lanky athlete,ğŸ€â¬†ï¸,"[':basketball:', ':up_arrow:']",Direct,STATURE
squat statue,ğŸ—¿â¬‡ï¸,"[':moai:', ':down_arrow:']",Direct,STATURE
fragile shell,ğŸšâŒğŸ’ª,"[':spiral_shell:', ':cross_mark:', ':flexed_biceps:']",Direct,STRENGTH
sturdy shield,ğŸ›¡ï¸ğŸ’¥,"[':shield:', ':collision:']",Direct,STRENGTH
powerful punch,ğŸ‘ŠğŸ”¥,"[':oncoming_fist:', ':fire:']",Direct,STRENGTH
weak foundation,ğŸšï¸ğŸ¤,"[':derelict_house:', ':pinching_hand:']",Direct,STRENGTH
unbreakable bond,ğŸ”—ğŸ’ª,"[':link:', ':flexed_biceps:']",Direct,STRENGTH
resilient frame,ğŸªœğŸ‹ï¸,"[':ladder:', ':person_lifting_weights:']",Direct,STRENGTH
feeble barrier,ğŸš§ğŸ¥´,"[':construction:', ':woozy_face:']",Direct,STRENGTH
enough time,âŒ›ğŸ˜Œ,"[':hourglass_done:', ':relieved_face:']",Direct,SUFFICIENCY
adequate funds,ğŸ’°ğŸ‘,"[':money_bag:', ':thumbs_up:']",Direct,SUFFICIENCY
ample resources,ğŸ“¦ğŸ”,"[':package:', ':TOP_arrow:']",Direct,SUFFICIENCY
sufficient staff,ğŸ‘©â€ğŸ’¼ğŸ‘¨â€ğŸ’¼âœ…,"[':woman_office_worker:', ':man_office_worker:', ':check_mark_button:']",Direct,SUFFICIENCY
limited options,ğŸ¤â”,"[':pinching_hand:', ':grey_question_mark:']",Direct,SUFFICIENCY
borderline supply,âš–ï¸ğŸ“¦,"[':balance_scale:', ':package:']",Direct,SUFFICIENCY
just enough space,ğŸ‘‰ğŸ ğŸ¤,"[':backhand_index_pointing_right:', ':house:', ':pinching_hand:']",Direct,SUFFICIENCY
gentle puppy,ğŸ¶ğŸ¤—,"[':dog:', ':hugging_face:']",Direct,TAMENESS
docile lamb,ğŸ‘ğŸ›Œ,"[':ewe:', ':person_in_bed:']",Direct,TAMENESS
tame parrot,ğŸ¦œğŸ™‚,"[':parrot:', ':slightly_smiling_face:']",Direct,TAMENESS
calm horse,ğŸğŸ˜Œ,"[':horse:', ':relieved_face:']",Direct,TAMENESS
subdued cat,ğŸˆğŸ¤,"[':cat:', ':pinching_hand:']",Direct,TAMENESS
mild hamster,ğŸ¹ğŸŒ±,"[':hamster:', ':seedling:']",Direct,TAMENESS
tractable goat,ğŸğŸ¤,"[':goat:', ':handshake:']",Direct,TAMENESS
freezing ice,ğŸ§Šâ„ï¸,"[':ice:', ':snowflake:']",Direct,TEMPERATURE
mild weather,ğŸŒ¤ï¸ğŸ¤,"[':sun_behind_small_cloud:', ':pinching_hand:']",Direct,TEMPERATURE
scorching desert,ğŸ”¥ğŸœï¸,"[':fire:', ':desert:']",Direct,TEMPERATURE
lukewarm soup,ğŸ¤ğŸ«•,"[':pinching_hand:', ':fondue:']",Direct,TEMPERATURE
boiling kettle,â™¨ï¸âš ï¸,"[':hot_springs:', ':warning:']",Direct,TEMPERATURE
chilly morning,ğŸ¥¶ğŸŒ…,"[':cold_face:', ':sunrise:']",Direct,TEMPERATURE
heated argument,ğŸ”¥ğŸ—£ï¸,"[':fire:', ':speaking_head:']",Direct,TEMPERATURE
dense fog,ğŸŒ«ï¸ğŸ‹ï¸,"[':fog:', ':person_lifting_weights:']",Direct,THICKNESS
thin layer,ğŸ¤ğŸ§ˆ,"[':pinching_hand:', ':butter:']",Direct,THICKNESS
thick sweater,ğŸ§¥ğŸ’ª,"[':coat:', ':flexed_biceps:']",Direct,THICKNESS
heavy blanket,ğŸ‹ï¸â€â™€ï¸ğŸ›,"[':woman_lifting_weights:', ':bed:']",Direct,THICKNESS
fine dust,ğŸ¤ğŸŒª,"[':pinching_hand:', ':tornado:']",Direct,THICKNESS
slight film,ğŸ§»ğŸ¤,"[':roll_of_paper:', ':pinching_hand:']",Direct,THICKNESS
rich sauce,ğŸğŸŒ«ï¸,"[':spaghetti:', ':fog:']",Direct,THICKNESS
helpful gadget,ğŸ”§ğŸ˜ƒ,"[':wrench:', ':smiling_face_with_open_mouth:']",Direct,UTILITY
useless tool,ğŸš«ğŸ”¨,"[':prohibited:', ':hammer:']",Direct,UTILITY
practical device,ğŸ§°âš™ï¸,"[':toolbox:', ':gear:']",Direct,UTILITY
beneficial software,ğŸ’»ğŸ‘,"[':laptop:', ':thumbs_up:']",Direct,UTILITY
futile method,ğŸ™…â€â™€ï¸ğŸ“,"[':woman_gesturing_NO:', ':triangular_ruler:']",Direct,UTILITY
functional equipment,âœ…ğŸ› ,"[':check_mark_button:', ':hammer_and_wrench:']",Direct,UTILITY
worthless feature,ğŸ¤·ğŸšª,"[':person_shrugging:', ':door:']",Direct,UTILITY
soaked towel,ğŸ’¦ğŸ§»,"[':sweat_droplets:', ':roll_of_paper:']",Direct,WETNESS
damp clothes,ğŸ’§ğŸ‘š,"[':droplet:', ':womanâ€™s_clothes:']",Direct,WETNESS
dripping umbrella,â˜”ğŸ’§,"[':umbrella_with_rain_drops:', ':droplet:']",Direct,WETNESS
moist soil,ğŸŒ±ğŸ’¦,"[':seedling:', ':sweat_droplets:']",Direct,WETNESS
saturated sponge,ğŸ§½ğŸŒŠ,"[':sponge:', ':water_wave:']",Direct,WETNESS
sopping boots,ğŸ¥¾ğŸ’¦,"[':hiking_boot:', ':sweat_droplets:']",Direct,WETNESS
glistening pavement,âœ¨ğŸ›£ï¸,"[':sparkles:', ':motorway:']",Direct,WETNESS
broad highway,ğŸ›£ï¸â¡ï¸,"[':motorway:', ':right_arrow:']",Direct,WIDTH
narrow path,ğŸ¤ğŸï¸,"[':pinching_hand:', ':national_park:']",Direct,WIDTH
wide river,ğŸŒŠğŸ“,"[':water_wave:', ':straight_ruler:']",Direct,WIDTH
slim margin,ğŸ¤ğŸ“,"[':pinching_hand:', ':triangular_ruler:']",Direct,WIDTH
thick lane,â¬…ï¸ğŸ›£ï¸â¡ï¸,"[':left_arrow:', ':motorway:', ':right_arrow:']",Direct,WIDTH
slender corridor,ğŸ“ğŸ¢,"[':straight_ruler:', ':office_building:']",Direct,WIDTH
expansive field,ğŸŒ„ğŸŒ,"[':sunrise_over_mountains:', ':globe_with_meridians:']",Direct,WIDTH
